{
  "gizmos-infos": {
    "is2D": true,
    "is3DIcon": false,
    "iconSize": 2,
    "gridVisible": true,
    "gridColor": [
      166,
      166,
      166,
      255
    ],
    "transformToolName": "position",
    "pivot": "pivot",
    "coordinate": "local",
    "toolsVisibility3d": true
  },
  "__version__": "1.0.0",
  "builder": {},
  "snap-configs": {
    "position": {
      "x": 1,
      "y": 1,
      "z": 1
    },
    "rotation": 1,
    "scale": 1,
    "isPositionSnapEnabled": false,
    "isRotationSnapEnabled": false,
    "isScaleSnapEnabled": false
  },
  "rect-snap-configs": {
    "enableSnapping": true,
    "snapThreshold": 4
  },
  "camera-infos": {
    "3a355b73-ad40-4970-a8c2-5f768e101b89": {
      "position": {
        "x": 606.0339841006771,
        "y": 719.8300101534405,
        "z": 5000
      },
      "rotation": {
        "x": 0,
        "y": 0,
        "z": 0,
        "w": 1
      },
      "viewCenter": {
        "x": 0,
        "y": 0,
        "z": 0
      },
      "contentRect": {
        "x": -89.47632791600174,
        "y": 328.6054596440586,
        "width": 371.70000000000005,
        "height": 209.08125000000004
      },
      "scale": 0.26721386698223853
    },
    "de3182a4-dfa3-48d8-a4f9-f78661a62d08": {
      "position": {
        "x": 640,
        "y": 360,
        "z": 5000
      },
      "rotation": {
        "x": 0,
        "y": 0,
        "z": 0,
        "w": 1
      },
      "viewCenter": {
        "x": 0,
        "y": 0,
        "z": 0
      },
      "contentRect": {
        "x": 8.133196528262268e-14,
        "y": -9.076682316118873,
        "width": 894.6,
        "height": 503.2125
      },
      "scale": 0.6989062500000001
    },
    "e4a8ed8e-daf5-47fb-9fe7-ba1eca5dfc45": {
      "position": {
        "x": 708.3066666666666,
        "y": 448.36,
        "z": 5000
      },
      "rotation": {
        "x": 0,
        "y": 0,
        "z": 0,
        "w": 1
      },
      "viewCenter": {
        "x": 0,
        "y": 0,
        "z": 0
      },
      "contentRect": {
        "x": 0,
        "y": 78.125,
        "width": 1050,
        "height": 700
      },
      "scale": 0.7
    },
    "df008333-b010-43ef-a119-9ad7c84a802a": {
      "position": {
        "x": 640,
        "y": 360.00000000000006,
        "z": 5000
      },
      "rotation": {
        "x": 0,
        "y": 0,
        "z": 0,
        "w": 1
      },
      "viewCenter": {
        "x": 0,
        "y": 0,
        "z": 0
      },
      "contentRect": {
        "x": 0,
        "y": 78.125,
        "width": 1050,
        "height": 700
      },
      "scale": 0.7
    },
    "609575c3-f030-4941-bc1f-3c51a786a822": {
      "position": {
        "x": 640,
        "y": 360.0000000000001,
        "z": 5000
      },
      "rotation": {
        "x": 0,
        "y": 0,
        "z": 0,
        "w": 1
      },
      "viewCenter": {
        "x": 0,
        "y": 0,
        "z": 0
      },
      "contentRect": {
        "x": 0,
        "y": 1.0849921882170334e-13,
        "width": 670.6,
        "height": 377.2125
      },
      "scale": 0.52390625
    },
    "13031ade-ec8e-40c1-ad22-79129920ff3b": {
      "position": {
        "x": 709.3966666666666,
        "y": 449.77000000000004,
        "z": 5000
      },
      "rotation": {
        "x": 0,
        "y": 0,
        "z": 0,
        "w": 1
      },
      "viewCenter": {
        "x": 0,
        "y": 0,
        "z": 0
      },
      "contentRect": {
        "x": 0,
        "y": 78.125,
        "width": 1050,
        "height": 700
      },
      "scale": 0.7
    },
    "a0b90e78-de08-4fa7-a0d7-8f2b0403813b": {
      "position": {
        "x": 639.3083333333333,
        "y": 360.6916666666667,
        "z": 5000
      },
      "rotation": {
        "x": 0,
        "y": 0,
        "z": 0,
        "w": 1
      },
      "viewCenter": {
        "x": 0,
        "y": 0,
        "z": 0
      },
      "contentRect": {
        "x": 0,
        "y": 0,
        "width": 896,
        "height": 504
      },
      "scale": 0.7
    },
    "7b382117-7677-414e-9336-f844826c4fd9": {
      "position": {
        "x": 638.6466666666666,
        "y": 356.6166666666667,
        "z": 5000
      },
      "rotation": {
        "x": 0,
        "y": 0,
        "z": 0,
        "w": 1
      },
      "viewCenter": {
        "x": 0,
        "y": 0,
        "z": 0
      },
      "contentRect": {
        "x": 9.666666666666645,
        "y": 0,
        "width": 894.6,
        "height": 495.6
      },
      "scale": 0.7000000000000001
    },
    "8e3f952c-4abf-4bdf-949c-43ccfb99ed51": {
      "position": {
        "x": 640,
        "y": 359.99999999999994,
        "z": 5000
      },
      "rotation": {
        "x": 0,
        "y": 0,
        "z": 0,
        "w": 1
      },
      "viewCenter": {
        "x": 0,
        "y": 0,
        "z": 0
      },
      "contentRect": {
        "x": 0,
        "y": 4.066598264131134e-14,
        "width": 894.6,
        "height": 503.2125
      },
      "scale": 0.6989062500000001
    },
    "5ad1b834-a3c3-4acc-9ad7-cd07ef15bb45": {
      "position": {
        "x": 150,
        "y": 75,
        "z": 5000
      },
      "rotation": {
        "x": 0,
        "y": 0,
        "z": 0,
        "w": 1
      },
      "viewCenter": {
        "x": 0,
        "y": 0,
        "z": 0
      },
      "contentRect": {
        "x": -489.00000000000006,
        "y": -180.59999999999997,
        "width": 210,
        "height": 105
      },
      "scale": 0.7
    },
    "976dd202-9303-4f1f-aa02-f386ec411f95": {
      "position": {
        "x": 648.217594404329,
        "y": 387.80204959627923,
        "z": 5000
      },
      "rotation": {
        "x": 0,
        "y": 0,
        "z": 0,
        "w": 1
      },
      "viewCenter": {
        "x": 0,
        "y": 0,
        "z": 0
      },
      "contentRect": {
        "x": 213.52364939390557,
        "y": 213.9244715921099,
        "width": 894.6,
        "height": 357.84
      },
      "scale": 1.0289998403112661
    }
  },
  "camera-uuids": [
    "3a355b73-ad40-4970-a8c2-5f768e101b89",
    "de3182a4-dfa3-48d8-a4f9-f78661a62d08",
    "e4a8ed8e-daf5-47fb-9fe7-ba1eca5dfc45",
    "df008333-b010-43ef-a119-9ad7c84a802a",
    "609575c3-f030-4941-bc1f-3c51a786a822",
    "13031ade-ec8e-40c1-ad22-79129920ff3b",
    "a0b90e78-de08-4fa7-a0d7-8f2b0403813b",
    "7b382117-7677-414e-9336-f844826c4fd9",
    "8e3f952c-4abf-4bdf-949c-43ccfb99ed51",
    "5ad1b834-a3c3-4acc-9ad7-cd07ef15bb45",
    "976dd202-9303-4f1f-aa02-f386ec411f95"
  ],
  "camera": {
    "color": [
      48,
      48,
      48,
      255
    ],
    "fov": 45,
    "far": 10000,
    "near": 0.01,
    "wheelSpeed": 0.01,
    "wanderSpeed": 10,
    "enableAcceleration": true,
    "size": "__default_design__",
    "far2D": 10000,
    "near2D": 1,
    "wheelSpeed2D": 6,
    "iso": 0,
    "aperture": 19,
    "shutter": 7
  },
  "float-window": {
    "position": {
      "cc": {
        "Camera": {
          "dock": false,
          "top": null,
          "bottom": 10,
          "left": null,
          "right": 10
        }
      }
    }
  },
  "scene_view": {
    "isSceneLightOn": true,
    "output_device": "__default_design__"
  }
}
